#,"Country,Other",TotalCases,NewCases,TotalDeaths,NewDeaths,TotalRecovered,NewRecovered,ActiveCases,"Serious,Critical",Tot Cases/1M pop,Deaths/1M pop,TotalTests,Tests/1M pop,Population,Continent,1 Caseevery X ppl,1 Deathevery X ppl,1 Testevery X ppl,New Cases/1M pop,New Deaths/1M pop,Active Cases/1M pop
,World,"610,745,005","+374,759","6,505,482","+1,134","587,974,176","+797,880","16,265,347","42,143","78,353",834.6,,,,All,"
",,,,,
1,China,"245,057",+349,"5,226 ",,"233,604",+320,"6,227",32,170,4,"160,000,000","111,163","1,439,323,776 ",Asia,"5,873","275,416",9,0.2,,4
2,USA,"96,688,916","+25,821","1,073,146 ",+33,"92,602,975","+108,792","3,012,795","3,635",,,"1,102,944,561",, ,North America,,,,,,
3,India,"44,466,862","+4,417","528,030 ",+23,"43,886,496","+6,032","52,336",698,"31,547",375,"887,379,274","629,556","1,409,532,668 ",Asia,32,"2,669",2,3,0.02,37
4,France,"34,596,180","+3,443","154,273 ",+67,"34,086,130","+6,314","355,777",869,"527,479","2,352","271,490,188","4,139,343","65,587,754 ",Europe,2,425,0,52,1,"5,424"
5,Brazil,"34,525,438","+7,668","684,503 ",+76,"33,546,726","+44,279","294,209","8,318","159,953","3,171","63,776,166","295,469","215,847,533 ",South America,6,315,3,36,0.4,"1,363"
6,Germany,"32,297,537","+49,709","147,861 ",+99,"31,447,800","+58,700","701,876","1,406","382,823","1,753","122,332,384","1,450,006","84,366,837 ",Europe,3,571,1,589,1,"8,319"
7,S. Korea,"23,606,740","+37,548","27,149 ",+56,"21,834,203","+178,401","1,745,388",562,"459,586",529,"15,804,065","307,681","51,365,174 ",Asia,2,"1,892",3,731,1,"33,980"
8,UK,"23,521,792",,"188,242 ",,"23,232,131","+8,012","101,419",146,"342,574","2,742","522,526,476","7,610,128","68,661,986 ",Europe,3,365,0,,,"1,477"
9,Italy,"21,944,877","+6,608","175,872 ",+40,"21,179,545","+20,274","589,460",185,"364,119","2,918","243,061,031","4,032,974","60,268,441 ",Europe,3,343,0,110,0.7,"9,781"
10,Russia,"19,771,113","+41,690","384,787 ",+76,"18,777,401","+30,703","608,925","2,300","135,353","2,634","273,400,000","1,871,698","146,070,591 ",Europe,7,380,1,285,0.5,"4,169"
11,Japan,"19,450,222","+105,010","41,054 ",+225,"17,779,534","+159,304","1,629,634",519,"154,816",327,"72,534,842","577,349","125,634,369 ",Asia,6,"3,060",2,836,2,"12,971"
12,Turkey,"16,797,750",,"100,840 ",,"16,628,164","+11,432","68,746",975,"194,612","1,168","162,743,369","1,885,475","86,314,244 ",Asia,5,856,1,,,796
13,Spain,"13,357,047","+1,676","112,894 ",+30,"13,146,560","+6,699","97,593",339,"285,443","2,413","471,036,328","10,066,132","46,794,174 ",Europe,4,414,0,36,0.6,"2,086"
14,Vietnam,"11,420,790","+1,896","43,122 ",+2,"10,232,281","+20,718","1,145,387",144,"115,077",435,"85,826,548","864,798","99,244,627 ",Asia,9,"2,301",1,19,0.02,"11,541"
15,Australia,"10,075,747","+9,020","14,077 ",+10,"9,967,355","+13,611","94,315",89,"385,397",538,"78,590,386","3,006,078","26,143,831 ",Australia/Oceania,3,"1,857",0,345,0.4,"3,608"
16,Argentina,"9,689,861",,"129,769 ",,"9,504,021","+8,918","56,071",366,"210,200","2,815","35,716,069","774,780","46,098,357 ",South America,5,355,1,,,"1,216"
17,Netherlands,"8,391,500",+801,"22,605 ",,"8,327,160","+2,475","41,735",33,"487,386","1,313","21,107,399","1,225,937","17,217,358 ",Europe,2,762,1,47,,"2,424"
18,Iran,"7,534,182","+1,095","144,019 ",+24,"7,309,427","+2,135","80,736",816,"87,269","1,668","53,730,223","622,361","86,332,880 ",Asia,11,599,2,13,0.3,935
19,Mexico,"7,041,181",+990,"329,622 ",+5,"6,298,349","+3,554","413,210","4,798","53,390","2,499","18,215,566","138,121","131,880,973 ",North America,19,400,7,8,0.04,"3,133"
20,Indonesia,"6,374,882","+2,340","157,668 ",+21,"6,177,525","+4,444","39,689","2,771","22,782",563,"107,081,078","382,680","279,818,559 ",Asia,44,"1,775",3,8,0.08,142
21,Colombia,"6,302,809",,"141,646 ",,"6,128,460",,"32,703",342,"121,061","2,721","36,358,694","698,356","52,063,258 ",South America,8,368,1,,,628
22,Poland,"6,187,920",+472,"117,153 ",,"5,335,959",,"734,808","2,782","163,890","3,103","36,999,043","979,940","37,756,445 ",Europe,6,322,1,13,,"19,462"
23,Taiwan,"5,467,018","+24,062","10,094 ",+31,"4,917,634","+23,080","539,290",,"228,644",422,"24,569,545","1,027,560","23,910,560 ",Asia,4,"2,369",1,"1,006",1,"22,554"
24,Portugal,"5,429,340",+713,"24,886 ",+5,"5,335,427","+2,480","69,027",61,"535,858","2,456","44,633,269","4,405,159","10,132,045 ",Europe,2,407,0,70,0.5,"6,813"
25,Ukraine,"5,072,533","+2,313","108,885 ",+6,"4,926,210",+777,"37,438",177,"117,522","2,523","19,521,252","452,274","43,162,432 ",Europe,9,396,2,54,0.1,867
26,Austria,"4,927,105","+2,665","19,442 ",,"4,846,503","+3,275","61,160",63,"540,358","2,132","195,832,618","21,477,062","9,118,222 ",Europe,2,469,0,292,,"6,707"
27,Greece,"4,804,982",,"32,757 ",,"4,693,987","+7,257","78,238",115,"465,945","3,176","92,282,015","8,948,700","10,312,337 ",Europe,2,315,0,,,"7,587"
28,Malaysia,"4,792,942","+1,486","36,249 ",+4,"4,729,147","+2,897","27,546",79,"144,068","1,090","63,881,399","1,920,172","33,268,578 ",Asia,7,918,1,45,0.1,828
29,DPRK,"4,772,813",,74 ,,"4,772,739",,0,,"183,396",3,,,"26,024,638 ",Asia,5,"351,684",,,,
30,Thailand,"4,659,902","+1,360","32,425 ",+22,"4,612,062","+2,106","15,415","1,496","66,398",462,"17,270,775","246,089","70,181,045 ",Asia,15,"2,164",4,19,0.3,220
31,Israel,"4,637,442","+1,141","11,620 ",,"4,616,308","+1,047","9,514",266,"497,259","1,246","41,373,364","4,436,346","9,326,000 ",Asia,2,803,0,122,,"1,020"
32,Chile,"4,536,380","+3,818","60,639 ",+29,"4,452,292","+4,775","23,449",140,"232,954","3,114","44,234,976","2,271,569","19,473,312 ",South America,4,321,0,196,1,"1,204"
33,Belgium,"4,492,773","+1,182","32,561 ",+6,"4,410,182","+2,778","50,030",57,"384,018","2,783","35,342,498","3,020,888","11,699,373 ",Europe,3,359,0,101,0.5,"4,276"
34,Canada,"4,179,337",,"44,085 ",,"4,047,843","+3,600","87,409",257,"108,661","1,146","64,423,248","1,674,970","38,462,328 ",North America,9,872,1,,,"2,273"
35,Peru,"4,115,878",+761,"215,928 ",+51,"3,860,051",,"39,899",205,"121,157","6,356","34,485,893","1,015,140","33,971,564 ",South America,8,157,1,22,2,"1,174"
36,Czechia,"4,046,761",+177,"40,857 ",+4,"3,994,164","+1,585","11,740",29,"376,366","3,800","55,989,386","5,207,247","10,752,205 ",Europe,3,263,0,16,0.4,"1,092"
37,Switzerland,"4,038,334",+758,"14,157 ",,"3,952,248","+3,104","71,929",46,"459,301","1,610","22,103,405","2,513,934","8,792,357 ",Europe,2,621,0,86,,"8,181"
38,South Africa,"4,012,920",+108,"102,108 ",,"3,904,513",,"6,299",192,"65,854","1,676","26,168,861","429,447","60,936,228 ",Africa,15,597,2,2,,103
39,Philippines,"3,893,514","+2,143","62,062 ",+51,"3,807,018","+1,678","24,434",681,"34,531",550,"32,331,881","286,743","112,755,586 ",Asia,29,"1,817",3,19,0.5,217
40,Romania,"3,228,364","+1,176","66,779 ",+6,"3,120,222","+2,058","41,363",172,"170,284","3,522","24,725,378","1,304,174","18,958,649 ",Europe,6,284,1,62,0.3,"2,182"
41,Denmark,"3,094,370","+1,396","6,953 ",+17,"3,079,034","+2,079","8,383",,"530,168","1,191","128,229,292","21,969,925","5,836,583 ",Europe,2,839,0,239,3,"1,436"
42,Sweden,"2,569,152",,"19,873 ",,"2,528,039","+1,065","21,240",15,"250,984","1,941","18,865,773","1,843,026","10,236,301 ",Europe,4,515,1,,,"2,075"
43,Iraq,"2,458,509",,"25,348 ",,"2,431,657",,"1,504",21,"58,276",601,"19,239,264","456,044","42,187,267 ",Asia,17,"1,664",2,,,36
44,Serbia,"2,297,227","+3,221","16,750 ",+13,"2,214,358","+5,694","66,119",28,"265,243","1,934","10,729,331","1,238,834","8,660,831 ",Europe,4,517,1,372,2,"7,634"
45,Hungary,"2,048,547",,"47,291 ",,"1,962,698",,"38,558",23,"213,235","4,923","11,394,556","1,186,068","9,606,999 ",Europe,5,203,1,,,"4,014"
46,Bangladesh,"2,013,094",+333,"29,328 ",,"1,957,458",+187,"26,308","1,331","11,964",174,"14,771,485","87,789","168,260,305 ",Asia,84,"5,737",11,2,,156
47,Singapore,"1,847,270","+1,176","1,596 ",+2,"1,771,353","+1,967","74,321",11,"310,441",268,"24,345,019","4,091,275","5,950,472 ",Asia,3,"3,728",0,198,0.3,"12,490"
48,Slovakia,"1,835,328",+51,"20,365 ",+2,"1,810,772",+82,"4,191",22,"335,809","3,726","7,271,880","1,330,531","5,465,395 ",Europe,3,268,1,9,0.4,767
49,New Zealand,"1,749,139","+1,400","2,779 ",+4,"1,734,023","+1,693","12,337",,"349,681",556,"7,492,531","1,497,877","5,002,100 ",Australia/Oceania,3,"1,800",1,280,0.8,"2,466"
50,Jordan,"1,738,867",,"14,114 ",,"1,721,850",,"2,903",59,"166,821","1,354","17,148,002","1,645,116","10,423,581 ",Asia,6,739,1,,,279
51,Georgia,"1,735,682",,"16,889 ",,"1,637,293",,"81,500",,"436,923","4,251","16,920,079","4,259,290","3,972,512 ",Asia,2,235,0,,,"20,516"
52,Ireland,"1,656,956",,"7,798 ",,"1,641,356",+460,"7,802",8,"327,602","1,542","12,647,411","2,500,560","5,057,832 ",Europe,3,649,0,,,"1,543"
53,Hong Kong,"1,592,420","+10,021","9,732 ",+8,"1,344,270","+4,626","238,418",16,"208,723","1,276","54,352,132","7,124,087","7,629,347 ",Asia,5,784,0,"1,313",1,"31,250"
54,Pakistan,"1,570,206",+190,"30,593 ",+2,"1,531,183",,"8,430",119,"6,820",133,"30,192,506","131,141","230,228,694 ",Asia,147,"7,526",8,0.8,0.01,37
55,Norway,"1,460,554",+123,"4,004 ",+3,"1,454,972",+56,"1,578",20,"264,905",726,"11,002,430","1,995,546","5,513,493 ",Europe,4,"1,377",1,22,0.5,286
56,Kazakhstan,"1,390,109",+562,"13,684 ",,"1,359,538","+1,198","16,887",24,"72,155",710,"11,575,012","600,814","19,265,539 ",Asia,14,"1,408",2,29,,877
57,Finland,"1,266,917",,"5,690 ",,"1,235,366","+2,182","25,861",21,"227,885","1,023","11,394,153","2,049,512","5,559,446 ",Europe,4,977,0,,,"4,652"
58,Morocco,"1,264,556",+7,"16,274 ",,"1,247,943",,339,293,"33,398",430,"12,478,636","329,575","37,862,764 ",Africa,30,"2,327",3,0.2,,9
59,Bulgaria,"1,245,457",+724,"37,620 ",+7,"1,196,215","+1,095","11,622",42,"182,225","5,504","10,454,340","1,529,593","6,834,719 ",Europe,5,182,1,106,1,"1,700"
60,Lithuania,"1,220,925",+92,"9,296 ",+4,"1,191,734",+187,"19,895",9,"462,516","3,522","10,121,695","3,834,347","2,639,744 ",Europe,2,284,0,35,2,"7,537"
61,Croatia,"1,216,456",+27,"16,746 ",+7,"1,195,529",+815,"4,181",10,"300,343","4,135","5,150,856","1,271,748","4,050,218 ",Europe,3,242,1,7,2,"1,032"
62,Lebanon,"1,211,140",+293,"10,639 ",+1,"1,087,587",,"112,914",186,"179,190","1,574","4,795,578","709,513","6,758,974 ",Asia,6,635,1,43,0.1,"16,706"
63,Tunisia,"1,144,824",,"29,238 ",,N/A,N/A,N/A,99,"94,709","2,419","4,918,504","406,899","12,087,768 ",Africa,11,413,2,,,"1,460"
64,Slovenia,"1,131,886",+520,"6,787 ",,"1,106,829",+440,"18,270",16,"544,291","3,264","2,724,750","1,310,253","2,079,560 ",Europe,2,306,1,250,,"8,786"
65,Cuba,"1,110,742",+29,"8,530 ",,"1,101,963",+26,249,23,"98,195",754,"14,064,773","1,243,396","11,311,577 ",North America,10,"1,326",1,3,,22
66,Guatemala,"1,105,036",+127,"19,567 ",+15,"1,080,044",+399,"5,425",5,"59,293","1,050","5,678,734","304,703","18,636,948 ",North America,17,952,3,7,0.8,291
67,Bolivia,"1,104,102",+213,"22,209 ",+1,"1,034,948","+1,071","46,945",220,"91,859","1,848","2,705,422","225,084","12,019,595 ",South America,11,541,4,18,0.08,"3,906"
68,Costa Rica,"1,058,467",,"8,867 ",,"860,711",,"188,889",52,"203,733","1,707","4,659,757","896,908","5,195,354 ",North America,5,586,1,,,"36,357"
69,UAE,"1,017,543",+398,"2,341 ",,"997,100",+473,"18,102",,"100,246",231,"185,321,303","18,257,377","10,150,489 ",Asia,10,"4,336",0,39,,"1,783"
70,Nepal,"997,990",+122,"12,007 ",,"983,539",+206,"2,444",,"32,961",397,"5,898,186","194,804","30,277,523 ",Asia,30,"2,522",5,4,,81
71,Ecuador,"997,573",+33,"35,862 ",,"954,024","+2,315","7,687",759,"54,733","1,968","3,082,403","169,119","18,226,190 ",South America,18,508,6,2,,422
72,Belarus,"994,037",,"7,118 ",,"985,592",,"1,327",,"105,272",754,"13,646,641","1,445,227","9,442,562 ",Europe,9,"1,327",1,,,141
73,Panama,"981,822",,"8,480 ",,"968,108",,"5,234",16,"220,011","1,900","6,976,985","1,563,431","4,462,610 ",North America,5,526,1,,,"1,173"
74,Uruguay,"981,186",,"7,455  ",,"971,994",,"1,737",18,"280,345","2,130","6,114,822","1,747,130","3,499,924 ",South America,4,469,1,,,496
75,Mongolia,"980,283",+298,"2,179 ",,"972,054",+961,"6,050",192,"288,896",642,"4,030,048","1,187,683","3,393,202 ",Asia,3,"1,557",1,88,,"1,783"
76,Latvia,"902,095","+1,441","5,950 ",+1,"883,736",,"12,409",6,"490,037","3,232","7,548,192","4,100,340","1,840,870 ",Europe,2,309,0,783,0.5,"6,741"
77,Azerbaijan,"815,523",+621,"9,825 ",+3,"802,256",+549,"3,442",,"78,885",950,"7,170,036","693,557","10,338,069 ",Asia,13,"1,052",1,60,0.3,333
78,Saudi Arabia,"813,878",+114,"9,306 ",+3,"801,008",+94,"3,564",42,"22,611",259,"44,147,691","1,226,529","35,993,994 ",Asia,44,"3,868",1,3,0.08,99
79,Paraguay,"715,569",,"19,494 ",,"694,192",,"1,883",7,"97,712","2,662","2,657,506","362,887","7,323,229 ",South America,10,376,3,,,257
80,Bahrain,"672,636",+189,"1,515 ",,"669,589",+174,"1,532",2,"367,491",828,"10,293,507","5,623,795","1,830,349 ",Asia,3,"1,208",0,103,,837
81,Sri Lanka,"670,218",+42,"16,712 ",+1,"652,970",+3,536,,"31,016",773,"6,486,117","300,164","21,608,607 ",Asia,32,"1,293",3,2,0.05,25
82,Kuwait,"657,745",,"2,563 ",,"654,870",,312,3,"149,215",581,"8,340,400","1,892,088","4,408,040 ",Asia,7,"1,720",1,,,71
83,Dominican Republic,"640,064",,"4,384 ",,"634,640",,"1,040",19,"57,743",396,"3,631,917","327,652","11,084,664 ",North America,17,"2,528",3,,,94
84,Palestine,"620,371",+259,"5,402 ",+2,"606,702","+2,667","8,267",17,"115,750","1,008","3,078,533","574,400","5,359,562 ",Asia,9,992,2,48,0.4,"1,542"
85,Myanmar,"615,654",+95,"19,441 ",+1,"593,816",+22,"2,397",,"11,152",352,"8,785,517","159,148","55,203,554 ",Asia,90,"2,840",6,2,0.02,43
86,Estonia,"597,758",,"2,651 ",,"524,990",,"70,117",4,"449,958","1,996","3,504,375","2,637,891","1,328,476 ",Europe,2,501,0,,,"52,780"
87,Cyprus,"578,030",,"1,172 ",,"571,430",+304,"5,428",60,"471,290",956,"9,572,310","7,804,663","1,226,486 ",Asia,2,"1,046",0,,,"4,426"
88,Moldova,"575,052",,"11,755 ",,"504,142",,"59,155",49,"143,277","2,929","3,216,305","801,357","4,013,571 ",Europe,7,341,1,,,"14,739"
89,Venezuela,"543,025",+73,"5,802 ",+1,"535,511",+186,"1,712",36,"19,215",205,"3,359,014","118,858","28,260,703 ",South America,52,"4,871",8,3,0.04,61
90,Egypt,"515,645",,"24,613 ",,"442,182",,"48,850",122,"4,840",231,"3,693,367","34,668","106,535,761 ",Africa,207,"4,328",29,,,459
91,Libya,"506,860",+11,"6,437 ",,"500,326",+52,97,101,"71,644",910,"2,480,175","350,571","7,074,664 ",Africa,14,"1,099",3,2,,14
92,Ethiopia,"493,272",+35,"7,572 ",,"471,666",+2,"14,034",9,"4,071",62,"5,214,960","43,041","121,162,569 ",Africa,246,"16,001",23,0.3,,116
93,Réunion,"463,155",,874 ,,"418,572",,"43,709",10,"509,400",961,"1,603,660","1,763,783","909,216 ",Africa,2,"1,040",1,,,"48,073"
94,Honduras,"454,779",,"10,989 ",,N/A,N/A,N/A,105,"44,380","1,072","1,509,607","147,315","10,247,494 ",North America,23,933,7,,,"30,373"
95,Armenia,"436,727","+2,329","8,662 ",+7,"423,359","+2,043","4,706",,"146,785","2,911","3,191,200","1,072,567","2,975,293 ",Asia,7,343,1,783,2,"1,582"
96,Qatar,"432,202",+683,681 ,,"426,977",+577,"4,544",2,"153,929",243,"3,884,315","1,383,399","2,807,805 ",Asia,6,"4,123",1,243,,"1,618"
97,Oman,"397,846",,"4,260 ",,"384,669",,"8,917",2,"73,821",790,"25,000,000","4,638,780","5,389,348 ",Asia,14,"1,265",0,,,"1,655"
98,Bosnia and Herzegovina,"396,524",+251,"16,074 ",+12,"375,243",+365,"5,207",,"122,518","4,967","1,846,957","570,675","3,236,445 ",Europe,8,201,2,78,4,"1,609"
99,North Macedonia,"340,948",+253,"9,499 ",+4,"330,153",+412,"1,296",,"163,666","4,560","2,118,984","1,017,183","2,083,188 ",Europe,6,219,1,121,2,622
100,Kenya,"338,237",+2,"5,674 ",,"332,431",+2,132,1,"6,002",101,"3,861,155","68,521","56,349,572 ",Africa,167,"9,931",15,0.04,,2
101,Zambia,"333,086",+12,"4,017 ",,"328,755",+56,314,1,"17,077",206,"3,706,537","190,032","19,504,779 ",Africa,59,"4,856",5,0.6,,16
102,Albania,"330,221",+28,"3,582 ",,"323,077",+228,"3,562",,"115,021","1,248","1,941,032","676,091","2,870,962 ",Europe,9,801,1,10,,"1,241"
103,Botswana,"325,864",,"2,778 ",,"322,955",,131,1,"132,736","1,132","2,026,898","825,626","2,454,984 ",Africa,8,884,1,,,53
104,Luxembourg,"288,658",,"1,123 ",,"283,668",,"3,867",,"445,360","1,733","4,402,293","6,792,142","648,145 ",Europe,2,577,0,,,"5,966"
105,Montenegro,"276,440",+103,"2,778 ",,"271,343",+138,"2,319",6,"440,024","4,422","2,601,901","4,141,578","628,239 ",Europe,2,226,0,164,,"3,691"
106,Algeria,"270,461",+18,"6,879 ",,"182,088",+21,"81,494",6,"5,934",151,"230,861","5,066","45,574,644 ",Africa,169,"6,625",197,0.4,,"1,788"
107,Nigeria,"263,867",,"3,148 ",,"257,453",,"3,266",11,"1,215",14,"5,441,162","25,044","217,261,624 ",Africa,823,"69,016",40,,,15
108,Zimbabwe,"256,782",+13,"5,596 ",,"251,044",+8,142,12,"16,746",365,"2,486,601","162,164","15,333,860 ",Africa,60,"2,740",6,0.8,,9
109,Uzbekistan,"243,863",+33,"1,637 ",,"241,486",,740,23,"7,063",47,"1,377,915","39,911","34,524,986 ",Asia,142,"21,090",25,1.0,,21
110,Mozambique,"230,130",+1,"2,221 ",,"227,811",+42,98,11,"6,940",67,"1,371,127","41,347","33,161,733 ",Africa,144,"14,931",24,0.03,,3
111,Brunei ,"220,245",,225 ,,"219,561",,459,,"493,164",504,"717,784","1,607,233","446,596 ",Asia,2,"1,985",1,,,"1,028"
112,Martinique,"218,764",,"1,035 ",,N/A,N/A,N/A,8,"583,944","2,763","828,928","2,212,646","374,632 ",North America,2,362,0,,,"580,903"
113,Laos,"214,455",+48,757 ,,N/A,N/A,N/A,,"28,574",101,"1,233,207","164,310","7,505,356 ",Asia,35,"9,915",6,6,,"27,452"
114,Kyrgyzstan,"205,835",+119,"2,991 ",,"196,406",,"6,438",131,"30,456",443,"1,907,195","282,192","6,758,490 ",Asia,33,"2,260",4,18,,953
115,Iceland,"204,717",,179 ,,N/A,N/A,N/A,2,"591,562",517,"1,993,053","5,759,237","346,062 ",Europe,2,"1,933",0,,,"372,341"
116,El Salvador,"201,785",,"4,224 ",,"179,266",,"18,295",8,"30,772",644,"2,610,114","398,040","6,557,420 ",North America,32,"1,552",3,,,"2,790"
117,Afghanistan,"194,444",+210,"7,783 ",+1,"172,433",+255,"14,228","1,124","4,761",191,"1,074,951","26,323","40,836,777 ",Asia,210,"5,247",38,5,0.02,348
118,Guadeloupe,"191,997",,986 ,,N/A,N/A,N/A,19,"479,665","2,463","938,039","2,343,498","400,273 ",North America,2,406,0,,,"471,581"
119,Maldives,"184,924",+68,308 ,,"163,687",,"20,929",25,"329,476",549,"2,213,831","3,944,346","561,267 ",Asia,3,"1,822",0,121,,"37,289"
120,Trinidad and Tobago,"180,008",+122,"4,161 ",+3,"170,372",+167,"5,475",18,"127,724","2,952","822,704","583,748","1,409,348 ",North America,8,339,2,87,2,"3,885"
121,Uganda,"169,396",,"3,628 ",,"100,431",,"65,337",3,"3,465",74,"3,012,408","61,621","48,885,901 ",Africa,289,"13,475",16,,,"1,337"
122,Namibia,"169,253",,"4,065 ",,"164,813",,375,,"64,085","1,539","1,062,663","402,361","2,641,068 ",Africa,16,650,2,,,142
123,Ghana,"168,580",,"1,459 ",,"167,080",,41,2,"5,189",45,"2,496,486","76,851","32,484,828 ",Africa,193,"22,265",13,,,1
124,Jamaica,"150,307",+127,"3,268 ",+1,"97,095",+83,"49,944",,"50,282","1,093","1,173,139","392,447","2,989,290 ",North America,20,915,3,42,0.3,"16,708"
125,Cambodia,"137,668",+7,"3,056 ",,"134,507",+11,105,,"7,993",177,"3,051,743","177,194","17,222,587 ",Asia,125,"5,636",6,0.4,,6
126,Rwanda,"132,455",+2,"1,466 ",,"130,901",,88,,"9,703",107,"5,769,081","422,608","13,651,144 ",Africa,103,"9,312",2,0.1,,6
127,Cameroon,"121,652",,"1,935 ",,"118,616",,"1,101",13,"4,347",69,"1,751,774","62,598","27,984,311 ",Africa,230,"14,462",16,,,39
128,Malta,"114,151",+16,802 ,,"112,855",+23,494,4,"257,038","1,806","2,046,915","4,609,120","444,101 ",Europe,4,554,0,36,,"1,112"
129,Angola,"102,636",,"1,917 ",,"100,437",,282,,"2,925",55,"1,499,795","42,739","35,092,021 ",Africa,342,"18,306",23,,,8
130,Barbados,"101,510",+59,544 ,,"100,175",+85,791,,"352,294","1,888","757,104","2,627,556","288,140 ",North America,3,530,0,205,,"2,745"
131,French Guiana,"93,735",,408 ,,"11,254",,"82,073",3,"297,067","1,293","650,106","2,060,329","315,535 ",South America,3,773,0,,,"260,107"
132,DRC,"92,711",,"1,405 ",,"83,504",,"7,802",,971,15,"846,704","8,867","95,489,131 ",Africa,"1,030","67,964",113,,,82
133,Channel Islands,"89,930",+273,198 ,,"89,356",+231,376,,"507,074","1,116","1,252,808","7,064,003","177,351 ",Europe,2,896,0,"1,539",,"2,120"
134,Senegal,"88,132",+30,"1,968 ",,"86,026",+41,138,,"4,978",111,"1,146,543","64,760","17,704,465 ",Africa,201,"8,996",15,2,,8
135,Malawi,"87,908",+7,"2,678 ",,"84,928",,302,67,"4,351",133,"610,953","30,236","20,206,044 ",Africa,230,"7,545",33,0.3,,15
136,Ivory Coast,"86,824",+3,819 ,,"85,972",+31,33,,"3,123",29,"1,613,777","58,049","27,800,207 ",Africa,320,"33,944",17,0.1,,1
137,Suriname,"81,039",,"1,383 ",,"49,614",,"30,042",,"135,501","2,312","238,852","399,371","598,071 ",South America,7,432,3,,,"50,231"
138,French Polynesia,"76,500",+16,649 ,,N/A,N/A,N/A,7,"268,948","2,282",,,"284,442 ",Australia/Oceania,4,438,,56,,"148,892"
139,New Caledonia,"73,798",,314 ,,"73,032",,452,9,"253,192","1,077","98,964","339,533","291,471 ",Australia/Oceania,4,928,3,,,"1,551"
140,Eswatini,"73,368",,"1,422 ",,"71,923",,23,11,"61,846","1,199","1,043,970","880,016","1,186,308 ",Africa,16,834,1,,,19
141,Guyana,"71,102",+2,"1,279 ",,"69,620",+5,203,,"89,458","1,609","689,215","867,143","794,811 ",South America,11,621,1,3,,255
142,Belize,"68,350",,680 ,,"67,542",,128,6,"165,360","1,645","576,016","1,393,565","413,340 ",North America,6,608,1,,,310
143,Fiji,"68,177",,878 ,,"66,192",,"1,107",,"74,872",964,"652,851","716,961","910,581 ",Australia/Oceania,13,"1,037",1,,,"1,216"
144,Madagascar,"66,640",,"1,410 ",,"65,196",,34,2,"2,279",48,"511,408","17,490","29,240,698 ",Africa,439,"20,738",57,,,1
145,Sudan,"63,266",+38,"4,961 ",,N/A,N/A,N/A,,"1,373",108,"562,941","12,217","46,077,920 ",Africa,728,"9,288",82,0.8,,390
146,Mauritania,"62,771",,993 ,,"61,748",+1,30,,"12,769",202,"952,597","193,786","4,915,713 ",Africa,78,"4,950",5,,,6
147,Cabo Verde,"62,328",,410 ,,"61,847",+4,71,23,"109,515",720,"401,622","705,677","569,130 ",Africa,9,"1,388",1,,,125
148,Bhutan,"61,233",+157,21 ,,"61,145",+184,67,,"77,500",27,"2,303,734","2,915,750","790,100 ",Asia,13,"37,624",0,199,,85
149,Syria,"57,098",+13,"3,163 ",,"53,609",+42,326,,"3,099",172,"146,269","7,938","18,426,109 ",Asia,323,"5,826",126,0.7,,18
150,Burundi,"49,370",,38 ,,"48,578",,754,,"3,899",3,"345,742","27,306","12,661,756 ",Africa,256,"333,204",37,,,60
151,Gabon,"48,649",,306 ,,"48,067",,276,,"20,790",131,"1,614,329","689,867","2,340,058 ",Africa,48,"7,647",1,,,118
152,Seychelles,"46,081",,169 ,,"45,777",,135,,"462,326","1,696",,,"99,672 ",Africa,2,590,,,,"1,354"
153,Andorra,"46,027",,154 ,,"45,791",,82,14,"593,636","1,986","249,838","3,222,302","77,534 ",Europe,2,503,0,,,"1,058"
154,Curaçao,"45,127",,282 ,,"44,720",,125,3,"272,583","1,703","496,693","3,000,205","165,553 ",North America,4,587,0,,,755
155,Papua New Guinea,"44,894",+7,664 ,,"43,982",,248,7,"4,819",71,"249,149","26,744","9,315,939 ",Australia/Oceania,208,"14,030",37,0.8,,27
156,Aruba,"42,914",+122,227 ,+1,"42,438",+98,249,2,"398,266","2,107","177,885","1,650,874","107,752 ",North America,3,475,1,"1,132",9,"2,311"
157,Mauritius,"40,299",,"1,022 ",,"38,573",,704,,"31,573",801,"358,675","281,014","1,276,359 ",Africa,32,"1,249",4,,,552
158,Mayotte,"40,095",,187 ,,N/A,N/A,N/A,,"139,634",651,"176,919","616,133","287,144 ",Africa,7,"1,536",2,,,"128,660"
159,Tanzania,"38,951",+239,845 ,+4,N/A,N/A,N/A,7,614,13,,,"63,438,195 ",Africa,"1,629","75,075",,4,0.06,598
160,Togo,"38,546",,283 ,,"38,058",,205,,"4,430",33,"786,762","90,421","8,701,095 ",Africa,226,"30,746",11,,,24
161,Isle of Man,"38,008",,116 ,,N/A,N/A,N/A,,"441,892","1,349","150,753","1,752,697","86,012 ",Europe,2,741,1,,,"129,029"
162,Guinea,"37,470",,447 ,,"36,763",,260,8,"2,694",32,"660,107","47,461","13,908,265 ",Africa,371,"31,115",21,,,19
163,Bahamas,"37,101",+20,823 ,,"35,923",+26,355,1,"92,424","2,050","248,846","619,911","401,422 ",North America,11,488,2,50,,884
164,Faeroe Islands,"34,658",,28 ,,N/A,N/A,N/A,5,"703,473",568,"778,000","15,791,503","49,267 ",Europe,1,"1,760",0,,,"546,755"
165,Lesotho,"34,287",+81,704 ,,"25,811",+71,"7,772",,"15,734",323,"431,221","197,880","2,179,206 ",Africa,64,"3,095",5,37,,"3,566"
166,Haiti,"33,551",+83,841 ,,"30,845",+26,"1,865",,"2,866",72,"132,422","11,313","11,705,069 ",North America,349,"13,918",88,7,,159
167,Mali,"31,664",+41,739 ,,"30,547",+13,378,,"1,471",34,"743,878","34,566","21,520,633 ",Africa,680,"29,121",29,2,,18
168,Cayman Islands,"30,057",,29 ,,"8,553",,"21,475",1,"445,936",430,"222,773","3,305,139","67,402 ",North America,2,"2,324",0,,,"318,611"
169,Saint Lucia,"28,894",,391 ,,"28,369",,134,,"155,802","2,108","209,716","1,130,831","185,453 ",North America,6,474,1,,,723
170,Benin,"27,490",,163 ,,"27,217",,110,5,"2,145",13,"604,310","47,158","12,814,452 ",Africa,466,"78,616",21,,,9
171,Somalia,"27,020",,"1,350 ",,"13,182",,"12,488",,"1,603",80,"400,466","23,755","16,858,500 ",Africa,624,"12,488",42,,,741
172,Congo,"24,837",,386 ,,"24,006",,445,,"4,272",66,"347,815","59,826","5,813,753 ",Africa,234,"15,062",17,,,77
173,Timor-Leste,"23,163",,138 ,,"22,981",,44,,"16,869",101,"275,776","200,841","1,373,106 ",Asia,59,"9,950",5,,,32
174,Solomon Islands,"21,544",,153 ,,"16,357",,"5,034",1,"29,775",211,"5,117","7,072","723,552 ",Australia/Oceania,34,"4,729",141,,,"6,957"
175,Burkina Faso,"21,128",,387 ,,"20,632",,109,,954,17,"248,995","11,241","22,151,064 ",Africa,"1,048","57,238",89,,,5
176,San Marino,"20,412",+14,118 ,,"20,214",+27,80,4,"598,838","3,462","157,634","4,624,597","34,086 ",Europe,2,289,0,411,,"2,347"
177,Gibraltar,"20,069",,108 ,,"16,579",,"3,382",,"596,068","3,208","534,283","15,868,692","33,669 ",Europe,2,312,0,,,"100,448"
178,Grenada,"19,346",,236 ,,"18,971",,139,4,"170,214","2,076","177,860","1,564,884","113,657 ",North America,6,482,1,,,"1,223"
179,Liechtenstein,"19,231",+3,86 ,,"19,018",+6,127,2,"501,251","2,242","102,174","2,663,139","38,366 ",Europe,2,446,0,78,,"3,310"
180,Nicaragua,"18,491",,225 ,,"4,225",,"14,041",,"2,721",33,,,"6,796,096 ",North America,368,"30,205",,,,"2,066"
181,Bermuda,"17,913",,148 ,,"17,624",,141,,"289,958","2,396","988,467","16,000,308","61,778 ",North America,3,417,0,,,"2,282"
182,South Sudan,"17,823",,138 ,,"17,335",,350,1,"1,553",12,"410,280","35,741","11,479,359 ",Africa,644,"83,184",28,,,30
183,Tajikistan,"17,786",,125 ,,"17,264",,397,,"1,778",12,,,"10,003,966 ",Asia,562,"80,032",,,,40
184,Equatorial Guinea,"16,957",,183 ,,"16,623",,151,5,"11,280",122,"365,697","243,257","1,503,336 ",Africa,89,"8,215",4,,,100
185,Tonga,"16,182",+377,12 ,,"15,638",+595,532,,"149,416",111,"535,009","4,939,973","108,302 ",Australia/Oceania,7,"9,025",0,"3,481",,"4,912"
186,Samoa,"15,839",,29 ,,"1,605",,"14,205",4,"78,690",144,"187,397","931,013","201,283 ",Australia/Oceania,13,"6,941",1,,,"70,572"
187,Djibouti,"15,690",,189 ,,"15,427",,74,,"15,393",185,"305,941","300,156","1,019,273 ",Africa,65,"5,393",3,,,73
188,Marshall Islands,"15,063",,17 ,,"14,612","+1,009",434,22,"250,803",283,,,"60,059 ",Australia/Oceania,4,"3,533",,,,"7,226"
189,CAR,"14,874",+12,113  ,,"14,520",,241,2,"2,967",23,"81,294","16,218","5,012,551 ",Africa,337,"44,359",62,2,,48
190,Dominica,"14,852",,68 ,,"14,554",,230,,"205,209",940,"210,195","2,904,249","72,375 ",North America,5,"1,064",0,,,"3,178"
191,Monaco,"14,404",,57 ,,"14,301",,46,4,"361,483","1,430","77,770","1,951,715","39,847 ",Europe,3,699,1,,,"1,154"
192,Gambia,"12,311",,371 ,,"11,788",,152,,"4,801",145,"155,686","60,709","2,564,469 ",Africa,208,"6,912",16,,,59
193,Greenland,"11,971",,21 ,,"2,761",,"9,189",4,"210,077",369,"164,926","2,894,251","56,984 ",North America,5,"2,714",0,,,"161,256"
194,Saint Martin,"11,941",,63 ,,"1,399",,"10,479",7,"297,773","1,571","112,382","2,802,474","40,101 ",North America,3,637,0,,,"261,315"
195,Yemen,"11,931",,"2,155 ",,"9,119",,657,23,382,69,"329,592","10,545","31,255,893 ",Asia,"2,620","14,504",95,,,21
196,Vanuatu,"11,857",+1,14 ,,"11,751",,92,,"36,735",43,"24,976","77,380","322,769 ",Australia/Oceania,27,"23,055",13,3,,285
197,Caribbean Netherlands,"11,032",,35 ,,"10,476",,521,,"412,350","1,308","30,126","1,126,037","26,754 ",North America,2,764,1,,,"19,474"
198,Sint Maarten,"10,836",,87 ,,"10,741",,8,10,"246,637","1,980","62,056","1,412,450","43,935 ",North America,4,505,1,,,182
199,Eritrea,"10,157",+2,103 ,,"10,050",,4,,"2,780",28,"23,693","6,485","3,653,254 ",Africa,360,"35,468",154,0.5,,1
200,Niger,"9,931",,312 ,,"8,870",+3,749,1,380,12,"254,538","9,747","26,114,476 ",Africa,"2,630","83,700",103,,,29
201,Antigua and Barbuda,"8,974",,145 ,,"8,794",,35,1,"90,015","1,454","18,901","189,590","99,694 ",North America,11,688,5,,,351
202,Guinea-Bissau,"8,796",,175 ,,"8,301",,320,6,"4,251",85,"145,231","70,185","2,069,253 ",Africa,235,"11,824",14,,,155
203,Comoros,"8,455",,161 ,,"8,281",,13,,"9,292",177,,,"909,924 ",Africa,108,"5,652",,,,14
204,Liberia,"7,898",+15,294 ,,"7,482",+21,122,2,"1,486",55,"139,824","26,300","5,316,451 ",Africa,673,"18,083",38,3,,23
205,Micronesia,"7,856",,27 ,,147,,"7,682",1,"66,776",230,"21,923","186,346","117,647 ",Australia/Oceania,15,"4,357",5,,,"65,297"
206,Sierra Leone,"7,747",,126 ,,N/A,N/A,N/A,,930,15,"259,958","31,207","8,330,094 ",Africa,"1,075","66,112",32,,,331
207,Chad,"7,547",+9,193 ,,"4,874",,"2,480",,432,11,"191,341","10,964","17,451,958 ",Africa,"2,312","90,425",91,0.5,,142
208,British Virgin Islands,"7,291",,64 ,,N/A,N/A,N/A,1,"237,732","2,087","107,243","3,496,788","30,669 ",North America,4,479,0,,,750
209,St. Vincent Grenadines,"7,112",,115 ,,"6,641",,356,,"63,667","1,029","100,856","902,862","111,707 ",North America,16,971,1,,,"3,187"
210,Saint Kitts and Nevis,"6,517",,46 ,,"6,446",,25,,"120,645",852,"124,861","2,311,470","54,018 ",North America,8,"1,174",0,,,463
211,Cook Islands,"6,373",,1 ,,"6,344",,28,,"362,123",57,"19,690","1,118,814","17,599 ",Australia/Oceania,3,"17,599",1,,,"1,591"
212,Turks and Caicos,"6,369",,36 ,,"6,294",,39,4,"159,796",903,"549,718","13,792,257","39,857 ",North America,6,"1,107",0,,,978
213,Sao Tome and Principe,"6,177",+24,76 ,,"6,077",+17,24,,"27,090",333,"29,036","127,341","228,018 ",Africa,37,"3,000",8,105,,105
214,Palau,"5,403",,6 ,,"5,336",,61,1,"295,537",328,"64,461","3,525,927","18,282 ",Australia/Oceania,3,"3,047",0,,,"3,337"
215,St. Barth,"5,263",,6 ,,N/A,N/A,N/A,,"529,317",603,"78,646","7,909,685","9,943 ",North America,2,"1,657",0,,,"482,249"
216,Nauru,"4,611",,1 ,,"4,605",,5,,"420,252",91,"20,509","1,869,213","10,972 ",Australia/Oceania,2,"10,972",1,,,456
217,Anguilla,"3,851",+14,12 ,+1,"3,821",+32,18,4,"251,798",785,"51,382","3,359,618","15,294 ",North America,4,"1,275",0,915,65,"1,177"
218,Kiribati,"3,430",,13 ,,"2,703",,714,3,"27,787",105,,,"123,438 ",Australia/Oceania,36,"9,495",,,,"5,784"
219,Saint Pierre Miquelon,"3,131",,1 ,,"2,449",,681,1,"546,232",174,"24,902","4,344,382","5,732 ",North America,2,"5,732",0,,,"118,807"
220,Falkland Islands,"1,886",, ,,"1,881",,5,,"509,592",,"8,632","2,332,343","3,701 ",South America,2,,0,,,"1,351"
221,Montserrat,"1,190",,8 ,,"1,113",,69,,"238,048","1,600","16,597","3,320,064","4,999 ",North America,4,625,0,,,"13,803"
229,MS Zaandam,9,,2 ,,7,,0,,,,,, ,,,,,,,
230,Saint Helena,7,, ,,2,,5,,"1,145",,,,"6,116 ",Africa,874,,,,,818
,Total:,"184,957,497","+201,227","1,469,986",+490,"177,219,315","+430,139","6,268,196","12,452",,,,,,Asia, ,,,,,
,Total:,"114,756,789","+27,514","1,526,477",+59,"108,658,805","+116,888","4,571,507","9,012",,,,,,North America, ,,,,,
,Total:,"222,455,302","+121,919","1,905,560",+409,"216,338,790","+172,076","4,210,952","9,094",,,,,,Europe, ,,,,,
,Total:,"63,759,583","+12,568","1,326,377",+158,"61,814,588","+61,480","618,618","10,414",,,,,,South America, ,,,,,
,Total:,"12,197,267","+10,821","19,641",+14,"11,997,684","+16,912","179,942",144,,,,,,Australia/Oceania, ,,,,,
,Total:,"12,617,846",+710,"257,426",+4,"11,944,288",+385,"416,132","1,027",,,,,,Africa, ,,,,,
,Total:,721,,15,,706,,0,0,,,,,,, ,,,,,
,Total:,"610,745,005","+374,759","6,505,482","+1,134","587,974,176","+797,880","16,265,347","42,143","78,352.9",834.6,,,,All,"
",,,,,
